{"cameraMode":{"drawMode":0,"name":"Shaded","section":"Shading Mode"},"sceneLighting":false,"audioPlay":false,"sceneViewState":{"m_AlwaysRefresh":false,"showFog":true,"showSkybox":false,"showFlares":true,"showImageEffects":true,"showParticleSystems":true,"showVisualEffectGraphs":true,"m_FxEnabled":true},"in2DMode":false,"pivot":{"x":0.6914200782775879,"y":1.4176740646362305,"z":-0.9429664611816406},"rotation":{"x":-0.11895718425512314,"y":0.8801483511924744,"z":-0.30175262689590456,"w":-0.34676361083984377},"size":4.101648330688477,"orthographic":false}