{"cameraMode":{"drawMode":0,"name":"Shaded","section":"Shading Mode"},"sceneLighting":false,"audioPlay":false,"sceneViewState":{"m_AlwaysRefresh":false,"showFog":true,"showSkybox":false,"showFlares":true,"showImageEffects":true,"showParticleSystems":true,"showVisualEffectGraphs":true,"m_FxEnabled":true},"in2DMode":false,"pivot":{"x":0.02128779888153076,"y":0.6829327344894409,"z":0.3581307530403137},"rotation":{"x":-0.10985169559717179,"y":0.7442947030067444,"z":-0.12646842002868653,"w":-0.6465013027191162},"size":0.5734214782714844,"orthographic":false}